방송사,카테고리,내용요약
SBS,정치,"헌법재판소는 윤석열 전 대통령의 파면을 결정하며, 대통령직 권한을 박탈했습니다. 미국과 중국 간의 관세 전쟁이 심화되고 있으며, 중국은 히토류 수출 통제와 미국 군수기업에 대한 수출 금지 조치를 발표했습니다."
SBS,사회,"윤 전 대통령의 거처 문제로 인해 서초동 주민들은 집회 가능성에 대해 우려하고 있으며, 북한 김정은 총비서가 참관한 군 훈련에서 드론 공격을 피하기 위한 전술이 소개되었습니다. 강원 산지에 대설주의보가 내려졌고, 중부 지방에는 봄비가 내렸습니다."
SBS,국제,"미국과 중국의 관세 충돌이 전 세계에 미칠 여파가 우려되고 있으며, 북한은 러시아-우크라이나 전쟁에서 드론 공격을 피하기 위한 전술 훈련을 진행 중입니다. 유엔 식량농업기구에 따르면, 세계 식량 가격 지수가 3개월 연속 상승했습니다."
SBS,경제,"세계 식량 가격이 3개월 연속 상승하고 있으며, 팜유와 콩기름 가격이 4% 가까이 상승했습니다. 이는 국제 경제에 중요한 영향을 미칠 수 있는 지표로 주목받고 있습니다."
SBS,기타,"비가 오는 날씨에도 불구하고 광화문에서 탄핵 찬성 및 반대 집회가 열렸으며, 주말 서울 도심이 시민들이 나들이할 수 있는 곳으로 변화되기를 바라는 내용이 포함되어 있습니다. 내일은 맑은 날씨와 함께 서울 낮 기온이 16도로 예년 수준의 봄 날씨가 예상됩니다."
JTBC,정치,"윤석열 전 대통령의 파면 이후 대통령실은 그의 흔적을 지우고 있으며, 조기 대선을 준비하는 정치권의 움직임이 활발합니다. 헌법재판소는 윤 전 대통령의 헌법 위반을 지적하며 파면을 결정했고, 각 당은 대선 준비에 박차를 가하고 있습니다. 국민의힘은 윤 전 대통령과의 관계 정리에 대한 의견이 있습니다."
JTBC,사회,"윤 전 대통령의 파면을 촉구해온 시민들은 승리를 축하하고 있으며, 헌법재판소의 결정이 사회적 갈등을 줄였다는 분석이 나옵니다. 국민의힘 내에서는 애도 기간에 대한 논의가 있었으나, 대선 준비를 위해 빠르게 전환하는 분위기입니다."
JTBC,국제,미국 국무부는 윤 전 대통령의 파면에 대해 대한민국의 민주적 제도와 법적 절차를 존중한다고 밝혔습니다. 트럼프 행정부의 관세 조치로 인해 미국과 중국 간의 무역 전쟁이 심화되고 있습니다.
JTBC,경제,"트럼프의 관세 조치로 인해 미국 증시가 급락하고 있으며, 물가 상승과 사재기 조짐이 나타나고 있습니다. 경제학자들은 다양한 상품의 소비자 가격 인상이 불가피하다고 진단하고 있습니다."
JTBC,기타,"윤 전 대통령 부부는 반려동물과 함께 새로운 거처를 준비할 가능성이 있으며, 헌법재판소의 결정문 낭독과 관련된 절차적 측면이 대한민국 헌정사에서 중요한 장면으로 기록될 것입니다."
KBS,정치,"대통령 파면 결정 후 조기 대선 국면으로 전환되면서 민주당과 국민의힘 모두 대선 준비에 박차를 가하고 있습니다. 민주당에서는 이재명 대표의 출마 선언이 임박했고, 국민의힘에서는 홍준표 대구시장이 출마를 공식화했습니다."
KBS,사회,"사회적 혼란 속에서 각 정당은 대선 준비에 집중하고 있으며, 민주당은 윤 전 대통령의 내란 관련 비판을 이어가고 있습니다. 시민단체들은 계엄 관련 기록물의 공개를 요구하며 시민의 알 권리를 주장하고 있습니다."
KBS,국제,"트럼프 미국 행정부는 헌법재판소의 탄핵 결정을 존중하며, 한미동맹의 안정성과 지속성을 위해 노력하겠다고 밝혔습니다. 중국은 트럼프의 관세 공격에 대응하여 무역 파트너를 다양화하고 있습니다."
KBS,경제,"트럼프 행정부의 관세 정책은 글로벌 경제에 큰 충격을 주고 있으며, 고금리와 고물가 상황에서 경제적 불확실성이 더욱 커지고 있습니다. 중국의 초저가 쇼핑몰이 국내 시장에 영향을 미칠 가능성이 있습니다."
KBS,기타,김정은 북한 국무위원장은 윤 전 대통령 파면 당일 특수작전부대를 방문해 훈련 중인 병사들을 격려했습니다. 천재 시인 이상과 화가 김환기의 사랑 이야기를 다룬 뮤지컬이 무대에 오릅니다.
MBC,정치,"윤석열 전 대통령의 파면 이후, 정치권에서는 대선 준비가 본격화되고 있으며, 국민의힘과 더불어민주당 모두 내부 갈등과 대권 도전을 위한 움직임이 활발합니다. 헌법재판소의 결정문은 민주주의와 헌법 수호의 중요성을 강조하고 있습니다."
MBC,사회,"윤 전 대통령의 파면과 관련하여 경호 문제와 주민 불편이 우려되고 있으며, 정치적 갈등이 심화되고 있습니다. 서울에는 봄비가 내려 벚꽃이 화사함을 더하고 있습니다."
MBC,국제,"미중 무역 갈등이 심화되면서 중국은 미국산 수입품에 추가 관세를 부과하고 있으며, 대만과 일본도 이에 대한 대응을 준비하고 있습니다. 북한은 윤 전 대통령의 파면 소식을 보도하며, 김정은 위원장은 군사적 준비 태세를 과시하고 있습니다."
MBC,경제,"미중 무역 갈등으로 인해 한국 수출이 감소할 수 있다는 우려가 있으며, 경제 불확실성이 커지고 있습니다. 뉴욕 증시의 급락과 원달러 환율의 폭등이 경제에 영향을 미치고 있습니다."
MBC,기타,"스포츠에서는 한화가 삼성과의 경기에서 역전승을 거두었고, 현대 캐피탈이 남자 프로 배구 챔피언 결정전에서 우승했습니다. 날씨는 맑고 따뜻할 것으로 예상되며, 봄바람이 강하게 불어 화재 예방에 주의가 필요합니다."
MBN,정치,"윤석열 전 대통령의 파면으로 인해 조기 대선이 6월 3일로 예정되었으며, 각 당은 후보 경선 준비에 분주합니다. 민주당은 이재명 대표의 사퇴로 대선 레이스가 본격화될 전망이며, 국민의힘은 탄핵 여파를 수습하고 차기 대선 방향성을 논의 중입니다."
MBN,사회,"윤 전 대통령의 파면 이후, 서울에서 찬반 집회가 열리며 일부 도로가 통제되었습니다. 시민들은 집회에 참여하며 사회 개혁을 요구하는 목소리를 냈습니다."
MBN,국제,"미국과 중국 간의 관세 부과로 인해 무역전쟁이 전 세계로 확산될 가능성이 있으며, 이는 국제 경제에 큰 충격을 주고 있습니다. 미국 국무부는 한국의 민주주의와 법적 절차를 존중한다고 밝혔습니다."
MBN,경제,"트럼프 대통령의 관세 정책으로 인해 미국 증시가 큰 타격을 입었으며, 한국의 대중 수출 비중이 높아 경제에 미치는 영향이 큽니다. 이에 대한 대응으로 한미 간 협상을 통해 관세를 낮추는 조치가 필요하다는 주장이 나왔습니다."
MBN,기타,한화 이글스가 삼성과의 경기에서 극적인 역전승을 거두며 연패를 탈출했습니다. 남자 배구 챔피언 결정전에서는 현대 캐피탈이 대한항공을 3연승으로 물리치고 19년 만에 통합 우승을 차지했습니다.
채널A,정치,"윤석열 전 대통령의 파면 이후 조기 대선이 가속화되고 있으며, 여야 모두 차기 대선 준비에 박차를 가하고 있습니다. 민주당은 대선일을 신속히 정하라고 압박하고 있으며, 국민의힘은 윤 전 대통령의 정치적 행보에 대해 우려를 표명하고 있습니다. 여권에서는 여러 인사들이 대선 출마를 공식화하거나 준비 중입니다."
채널A,사회,"윤 전 대통령의 파면 이후 서울 도심에서는 탄핵 반대 집회와 환영 집회가 열리고 있으며, 이는 사회적으로 큰 관심을 끌고 있습니다. 또한, 윤 전 대통령의 퇴거 준비와 관련된 사회적 움직임이 있습니다."
채널A,국제,북한 김정은의 군사 훈련 시찰과 미국의 윤 전 대통령 파면에 대한 입장 표명이 있었습니다. 트럼프 행정부의 관세 부과로 인한 국제 경제 불안정성도 언급되었습니다.
채널A,경제,"트럼프 행정부의 관세 부과로 인해 미국 증시가 하락했으며, 한국의 식품업체들은 수출 물량을 앞당기기 위해 경쟁하고 있습니다. 경제 위기를 언급하며 대선 출마를 준비하는 인사도 있습니다."
채널A,기타,"윤 전 대통령의 퇴거와 관련하여 대통령실의 침묵과 SNS 계정 안내문 변경 등이 이루어졌습니다. 또한, 진해 군항제에서 벚꽃이 절정을 이루며 많은 인파가 몰렸다는 소식이 전해졌습니다."
